{"window_size": 24, "selected_columns": ["stock_1", "stock_2"], "overall_mean": [-86.7044997850171, -6.934154033121205], "overall_std": [26.942694488855025, 24.956589338171643]}